bn:00000016n	milliard
bn:00000086n	jour
bn:00000125n	demi-douzaine
bn:00000127n	heure
bn:00000427n	absence
bn:00000649n	acceptation
bn:00000674n	plus
bn:00000728n	traité
bn:00000739n	rapport
bn:00000772n	accumulation
bn:00000939n	référence
bn:00000942n	haut
bn:00000942n	sommet
bn:00000990n	familiarité
bn:00001077n	acte
bn:00001127n	action
bn:00001171n	militant
bn:00001193n	inconduite
bn:00001294n	plus
bn:00001423n	organisation
bn:00001549n	avance
bn:00001557n	progrès
bn:00001561n	avantage
bn:00001582n	adversaire
bn:00001592n	conseil
bn:00001697n	avion
bn:00001736n	occasion
bn:00001936n	âge
bn:00001939n	longtemps
bn:00001965n	façon
bn:00002155n	aide
bn:00002178n	intention
bn:00002362n	Irak
bn:00003125n	changement
bn:00003129n	remplacement
bn:00003132n	option
bn:00003263n	atmosphère
bn:00003268n	gamme
bn:00003268n	portée
bn:00003340n	amende
bn:00003341n	Amérique
bn:00003341n	américain
bn:00003341n	États-Unis
bn:00003365n	Washington
bn:00003601n	montant
bn:00003601n	quantité
bn:00003601n	somme
bn:00003755n	anesthésiste
bn:00003802n	analyste
bn:00004352n	annonce
bn:00004456n	répondant
bn:00004527n	hymne
bn:00005019n	appel
bn:00005027n	apparition
bn:00005053n	applaudissement
bn:00005092n	application
bn:00005105n	technologie
bn:00005164n	estimation
bn:00005516n	région
bn:00005599n	controverse
bn:00005600n	argument
bn:00005601n	argument
bn:00005601n	débat
bn:00005732n	armée
bn:00005886n	arrivée
bn:00005917n	arsenic
bn:00006143n	poignet
bn:00006383n	aspect
bn:00006469n	viol
bn:00006479n	collecte
bn:00006504n	atout
bn:00006559n	hypothèse
bn:00006759n	sport
bn:00006759n	sportif
bn:00006823n	hydrogène
bn:00006845n	phosphore
bn:00006846n	soufre
bn:00006890n	carbone
bn:00006901n	azote
bn:00006912n	oxygène
bn:00007026n	respect
bn:00007047n	attitude
bn:00007051n	avocat
bn:00007085n	enchère
bn:00007146n	rien
bn:00007299n	gouvernement
bn:00007449n	moyenne
bn:00007799n	soutien
bn:00007854n	bactérie
bn:00007985n	étude
bn:00008047n	reste
bn:00008267n	banalité
bn:00008279n	cercle
bn:00008364n	banque
bn:00008419n	faillite
bn:00008568n	accord
bn:00008694n	baril
bn:00008786n	base
bn:00008870n	terrain
bn:00008875n	panier
bn:00008985n	beaucoup
bn:00009080n	bataille
bn:00009472n	lit
bn:00009652n	nom
bn:00009654n	comportement
bn:00009655n	comportement
bn:00009677n	organisme
bn:00009717n	notion
bn:00009905n	avantage
bn:00010203n	Inde
bn:00010262n	offre
bn:00010262n	offrir
bn:00010518n	biochimie
bn:00011099n	culpabilité
bn:00011946n	attentat
bn:00011974n	obligataire
bn:00011975n	entrave
bn:00012042n	prime
bn:00012059n	livre
bn:00012212n	frontière
bn:00012213n	périmètre
bn:00012786n	Brésil
bn:00012862n	violation
bn:00012940n	découverte
bn:00013057n	maçon
bn:00013179n	Londres
bn:00013194n	livre
bn:00013640n	budget
bn:00013701n	microbe
bn:00013941n	fardeau
bn:00014136n	commercial
bn:00014139n	affaire
bn:00014152n	accord
bn:00014160n	entreprise
bn:00014160n	société
bn:00014403n	Californie
bn:00014710n	mois
bn:00014711n	semaine
bn:00015008n	caméra
bn:00015050n	campagne
bn:00015056n	candidat
bn:00015320n	canon
bn:00015387n	sondage
bn:00015410n	capacité
bn:00015496n	capital
bn:00015501n	Washington
bn:00015656n	exécution
bn:00015917n	carte
bn:00015917n	carton
bn:00016013n	peur
bn:00016140n	cirque
bn:00016286n	performance
bn:00016401n	cas
bn:00016401n	exemple
bn:00016403n	affaire
bn:00016403n	cas
bn:00016403n	cause
bn:00016448n	fonds
bn:00016756n	Chine
bn:00016851n	raison
bn:00017153n	concentration
bn:00017234n	siècle
bn:00017235n	pdg
bn:00017368n	titre
bn:00017517n	président
bn:00017557n	défi
bn:00017559n	défi
bn:00017562n	adversaire
bn:00017562n	concurrent
bn:00017562n	rival
bn:00017615n	championnat
bn:00017621n	opportunité
bn:00017651n	changement
bn:00017791n	frais
bn:00017904n	graphique
bn:00018096n	chimique
bn:00018105n	élément
bn:00018345n	enfant
bn:00018660n	sélection
bn:00019219n	circonstance
bn:00019403n	réclamation
bn:00019404n	affirmation
bn:00019404n	réclamation
bn:00019780n	climat
bn:00019781n	ambiance
bn:00019848n	fois
bn:00019966n	clôture
bn:00020039n	club
bn:00020352n	code
bn:00020452n	connaissance
bn:00020977n	commentaire
bn:00021015n	comité
bn:00021034n	engagement
bn:00021164n	sens
bn:00021207n	démocratie
bn:00021221n	communication
bn:00021278n	écrasement
bn:00021286n	entreprise
bn:00021286n	société
bn:00021322n	compatibilité
bn:00021329n	compensation
bn:00021329n	indemnisation
bn:00021338n	coupe
bn:00021348n	plainte
bn:00021359n	complémentarité
bn:00021395n	partie
bn:00021538n	concentration
bn:00021556n	inquiétude
bn:00021556n	préoccupation
bn:00021558n	inquiétude
bn:00021584n	décision
bn:00021644n	statut
bn:00021721n	conférence
bn:00021722n	ligue
bn:00021723n	conférence
bn:00021743n	confiance
bn:00021769n	litige
bn:00021816n	congestion
bn:00021844n	congrès
bn:00021846n	congrès
bn:00021870n	spéculation
bn:00021904n	Connecticut
bn:00021958n	consensus
bn:00021961n	conséquence
bn:00021961n	effet
bn:00021961n	résultat
bn:00021976n	conservateur
bn:00022026n	police
bn:00022028n	stabilité
bn:00022095n	consommateur
bn:00022227n	contrat
bn:00022263n	contraste
bn:00022269n	contribution
bn:00022479n	Copenhague
bn:00022845n	discipline
bn:00023236n	pays
bn:00023236n	état
bn:00023288n	voie
bn:00023301n	cour
bn:00023301n	tribunal
bn:00023326n	palais_de_justice
bn:00023362n	couverture
bn:00023496n	métier
bn:00023652n	création
bn:00023807n	crime
bn:00023807n	criminalité
bn:00023844n	crise
bn:00023858n	critique
bn:00024112n	pétrole
bn:00024615n	coupe
bn:00024724n	tour
bn:00024727n	cycle
bn:00025080n	dommage
bn:00025170n	danger
bn:00025236n	nuit
bn:00025364n	fille
bn:00025417n	jour
bn:00025645n	décembre
bn:00025646n	décennie
bn:00025780n	réduction
bn:00025872n	défense
bn:00025916n	pénurie
bn:00025965n	degré
bn:00025965n	niveau
bn:00025966n	degré
bn:00025966n	niveau
bn:00025966n	point
bn:00026025n	délégué
bn:00026149n	démocrate
bn:00026339n	Trésor
bn:00026603n	sort
bn:00026622n	détail
bn:00026684n	Allemagne
bn:00026838n	négociation
bn:00027022n	différence
bn:00027206n	dîner
bn:00027207n	dîner
bn:00027260n	baisse
bn:00027363n	directive
bn:00027366n	gestionnaire
bn:00027415n	désavantage
bn:00027415n	inconvénient
bn:00027473n	émission
bn:00027530n	découverte
bn:00027862n	diversité
bn:00028015n	document
bn:00028114n	dollar
bn:00028141n	monde
bn:00028249n	porte
bn:00028548n	projet
bn:00028614n	dramatisation
bn:00028625n	lien
bn:00029239n	responsabilité
bn:00029345n	e-mail
bn:00029416n	rémunération
bn:00029416n	salaire
bn:00029424n	Terre
bn:00029424n	monde
bn:00029424n	mondial
bn:00029424n	terre
bn:00029667n	économiste
bn:00029678n	économie
bn:00029680n	valeur
bn:00029770n	édition
bn:00029774n	rédacteur
bn:00029806n	étudiant
bn:00030015n	expulsion
bn:00030113n	électoral
bn:00030616n	emploi
bn:00030627n	utilisation
bn:00030707n	invasion
bn:00030719n	fin
bn:00030719n	terminer
bn:00030720n	fin
bn:00030747n	risque
bn:00030825n	énergie
bn:00030844n	implication
bn:00030844n	participation
bn:00030861n	Angleterre
bn:00031074n	environnement
bn:00031083n	envoyer
bn:00031285n	égalité
bn:00031605n	Espagne
bn:00031641n	institution
bn:00031707n	éthique
bn:00031888n	euro
bn:00031896n	Europe
bn:00031998n	soir
bn:00032021n	événement
bn:00032099n	exemple
bn:00032300n	dépense
bn:00032306n	expérience
bn:00032308n	expérience
bn:00032381n	photographie
bn:00032654n	fait
bn:00032661n	facteur
bn:00032892n	famille
bn:00033729n	façon
bn:00033729n	manière
bn:00033750n	astuce
bn:00033833n	faveur
bn:00033854n	crainte
bn:00033939n	frais
bn:00033960n	esprit
bn:00033960n	ton
bn:00034004n	membre
bn:00034265n	champ
bn:00034265n	domaine
bn:00034394n	chiffre
bn:00034394n	nombre
bn:00034394n	numéro
bn:00034520n	issue
bn:00034551n	conclusion
bn:00034552n	verdict
bn:00035190n	flexibilité
bn:00035211n	trajectoire
bn:00035374n	débit
bn:00035374n	flux
bn:00035649n	nutriment
bn:00035704n	football
bn:00035851n	matin
bn:00035907n	forme
bn:00035907n	genre
bn:00035911n	forme
bn:00036202n	France
bn:00036292n	fraude
bn:00036512n	vendredi
bn:00036823n	rôle
bn:00036837n	responsable
bn:00036838n	performance
bn:00036839n	fonds
bn:00036850n	collecte_de_fonds
bn:00036941n	avenir
bn:00037181n	jeu
bn:00037181n	match
bn:00037187n	jeu
bn:00037296n	tumulte
bn:00037691n	générosité
bn:00040387n	géant
bn:00040847n	but
bn:00040851n	gardien
bn:00041200n	ministre
bn:00041239n	niveau
bn:00041354n	noblesse
bn:00041585n	pouvoir
bn:00041853n	formation
bn:00041942n	groupe
bn:00041948n	réunion
bn:00041979n	croissance
bn:00042090n	invité
bn:00042601n	moitié
bn:00042647n	mi-temps
bn:00042663n	salle
bn:00042759n	main
bn:00042917n	harcèlement
bn:00042963n	robustesse
bn:00043267n	question
bn:00043539n	hégémonie
bn:00044269n	histoire
bn:00044488n	chez
bn:00044488n	maison
bn:00044531n	retour
bn:00044654n	honneur
bn:00044758n	horde
bn:00044967n	hôtel
bn:00044982n	heure
bn:00044994n	maison
bn:00045153n	mondial
bn:00045199n	esprit
bn:00045243n	recherche
bn:00045800n	idée
bn:00046019n	immigrant
bn:00046021n	immigration
bn:00046065n	impact
bn:00046077n	impartialité
bn:00046148n	imposition
bn:00046294n	provocation
bn:00046310n	inclusion
bn:00046356n	augmentation
bn:00046391n	indétermination
bn:00046418n	indicateur
bn:00046418n	indice
bn:00046473n	indication
bn:00046486n	indifférence
bn:00046516n	individu
bn:00046575n	industrie
bn:00046920n	examen
bn:00046926n	inspiration
bn:00046933n	instabilité
bn:00046952n	Institut
bn:00047017n	intégrité
bn:00047043n	intensité
bn:00047077n	intérêt
bn:00047081n	enjeu
bn:00047081n	participation
bn:00047203n	représentant
bn:00047238n	interview
bn:00047356n	chercheur
bn:00047358n	investissement
bn:00047367n	investisseur
bn:00047679n	israël
bn:00047688n	numéro
bn:00047688n	problème
bn:00047688n	question
bn:00047688n	émission
bn:00047690n	question
bn:00047691n	rendement
bn:00047730n	point
bn:00047831n	chat
bn:00048242n	problème
bn:00048453n	revue
bn:00048461n	journaliste
bn:00048488n	juge
bn:00048507n	litige
bn:00048587n	occasion
bn:00048592n	juin
bn:00048655n	droit
bn:00048657n	juré
bn:00048658n	jury
bn:00049570n	travail
bn:00049915n	langage
bn:00050249n	droit
bn:00050249n	loi
bn:00050275n	contrevenant
bn:00050340n	avance
bn:00050371n	dirigeant
bn:00050371n	leader
bn:00050375n	dirigeant
bn:00050522n	gauche
bn:00050659n	prêteur
bn:00050920n	passif
bn:00051035n	lieu
bn:00051048n	vie
bn:00051054n	vie
bn:00051250n	limite
bn:00051251n	restriction
bn:00051301n	ligne
bn:00051693n	prêt
bn:00052050n	perte
bn:00052052n	perte
bn:00052571n	machine
bn:00052888n	planète
bn:00053151n	mandat
bn:00053318n	mars
bn:00053460n	marché
bn:00053531n	femme
bn:00053772n	match
bn:00054277n	membre
bn:00054523n	message
bn:00054693n	Mexique
bn:00054897n	mercredi
bn:00054906n	migrant
bn:00054907n	migration
bn:00055094n	minute
bn:00055180n	ministère
bn:00055504n	routine
bn:00055644n	argent
bn:00056879n	NASA
bn:00056879n	nasa
bn:00056893n	nasdaq
bn:00057368n	filet
bn:00057546n	nouvelle
bn:00057562n	journaliste
bn:00058593n	octobre
bn:00058679n	offre
bn:00058969n	un
bn:00059122n	chirurgien
bn:00059168n	opinion
bn:00059171n	décision
bn:00059436n	règlement
bn:00059480n	organisation
bn:00059751n	touche
bn:00059783n	contour
bn:00059788n	production
bn:00059790n	production
bn:00059879n	refonte
bn:00060340n	Panama
bn:00060767n	région
bn:00060799n	joueur
bn:00060837n	party
bn:00060907n	passion
bn:00060928n	passé
bn:00061005n	voie
bn:00061047n	sponsor
bn:00061054n	pratique
bn:00061325n	punition
bn:00061450n	personne
bn:00061606n	période
bn:00061666n	substitution
bn:00061746n	vue
bn:00061757n	Pérou
bn:00061826n	pétition
bn:00061898n	phase
bn:00062309n	travail
bn:00062576n	plombier
bn:00062759n	programme
bn:00062759n	prévoir
bn:00062929n	jeu
bn:00063218n	point
bn:00063237n	point_de_vue
bn:00063237n	vue
bn:00063330n	politique
bn:00063592n	popularité
bn:00063739n	possibilité
bn:00064077n	principe
bn:00064119n	prédominance
bn:00064192n	règle
bn:00064204n	présence
bn:00064233n	président
bn:00064234n	président
bn:00064262n	pression
bn:00064527n	problème
bn:00064536n	processus
bn:00064601n	professeur
bn:00064699n	promesse
bn:00064763n	proximité
bn:00064776n	proposition
bn:00064839n	protection
bn:00064914n	état
bn:00065107n	publication
bn:00065344n	poussée
bn:00065577n	trimestre
bn:00065798n	course
bn:00066419n	réalité
bn:00066516n	récession
bn:00066577n	record
bn:00066597n	reprise
bn:00066603n	récrimination
bn:00066863n	retour
bn:00066884n	région
bn:00066933n	règle
bn:00066938n	régulateur
bn:00066995n	rapport
bn:00066996n	parent
bn:00067024n	publication
bn:00067181n	rapport
bn:00067192n	représentation
bn:00067239n	Venezuela
bn:00067280n	recherche
bn:00067371n	réactivité
bn:00067807n	droit
bn:00067810n	droite
bn:00067923n	augmentation
bn:00068696n	samedi
bn:00068915n	vente
bn:00069122n	sanction
bn:00069579n	stratégie
bn:00069757n	tableau
bn:00069759n	buteur
bn:00070104n	second
bn:00070206n	secteur
bn:00070225n	sécurité
bn:00070459n	sénat
bn:00070497n	sentiment
bn:00070537n	septembre
bn:00070648n	serveur
bn:00070651n	service
bn:00070725n	colonie
bn:00070725n	règlement
bn:00070914n	actionnaire
bn:00071315n	spectacle
bn:00071432n	côté
bn:00071869n	situation
bn:00072566n	société
bn:00072653n	territoire
bn:00073170n	conférencier
bn:00073206n	spécialiste
bn:00073526n	porte-parole
bn:00073699n	équipe
bn:00073989n	début
bn:00074010n	état
bn:00074678n	attaquant
bn:00074684n	chaîne
bn:00074759n	structure
bn:00074790n	étude
bn:00074900n	sujet
bn:00075025n	succès
bn:00075069n	malheur
bn:00075151n	été
bn:00075331n	soutien
bn:00075455n	suspension
bn:00075959n	talent
bn:00075965n	pourparler
bn:00076339n	technicien
bn:00076496n	tendance
bn:00076588n	terme
bn:00076677n	témoignage
bn:00076732n	texte
bn:00076744n	jeudi
bn:00076918n	chose
bn:00076925n	chose
bn:00077267n	temps
bn:00077463n	aujourd'hui
bn:00077924n	entraîneur
bn:00078024n	transmission
bn:00078198n	essai
bn:00078198n	procès
bn:00078365n	triomphe
bn:00078365n	victoire
bn:00078546n	mardi
bn:00078738n	an
bn:00078738n	année
bn:00078738n	dernier
bn:00078798n	type
bn:00078848n	États-Unis
bn:00079043n	chômeur
bn:00079045n	chômage
bn:00079107n	unité
bn:00079330n	urgence
bn:00079940n	victime
bn:00080036n	violence
bn:00080111n	visite
bn:00080439n	guerre
bn:00080687n	vague
bn:00080816n	week
bn:00081042n	sifflet
bn:00081224n	volonté
bn:00081261n	vent
bn:00081568n	travail
bn:00081593n	travailleur
bn:00081622n	monde
bn:14866890n	arbitre
